{"cameraMode":{"drawMode":0,"name":"Shaded","section":"Shading Mode"},"sceneLighting":true,"audioPlay":false,"sceneViewState":{"showFog":true,"showMaterialUpdate":false,"showSkybox":true,"showFlares":true,"showImageEffects":true,"showParticleSystems":true},"in2DMode":false,"pivot":{"x":207.70205688476563,"y":33.21402359008789,"z":166.737060546875},"rotation":{"x":-0.026663318276405336,"y":-0.9097925424575806,"z":0.05902464687824249,"w":-0.41009005904197695},"size":42.35206985473633,"orthographic":false}