{"cameraMode":{"drawMode":0,"name":"Shaded","section":"Shading Mode"},"sceneLighting":true,"audioPlay":false,"sceneViewState":{"showFog":true,"showMaterialUpdate":false,"showSkybox":true,"showFlares":true,"showImageEffects":true,"showParticleSystems":true},"in2DMode":false,"pivot":{"x":209.3988037109375,"y":54.50556945800781,"z":129.16790771484376},"rotation":{"x":0.21512562036514283,"y":-0.7681239247322083,"z":0.3258422613143921,"w":0.5075359344482422},"size":164.55014038085938,"orthographic":false}