{"cameraMode":{"drawMode":0,"name":"Shaded","section":"Shading Mode"},"sceneLighting":true,"audioPlay":false,"sceneViewState":{"showFog":true,"showMaterialUpdate":true,"showSkybox":true,"showFlares":true,"showImageEffects":true,"showParticleSystems":true},"in2DMode":false,"pivot":{"x":83.56621551513672,"y":21.753908157348634,"z":275.3158264160156},"rotation":{"x":-0.07581023871898651,"y":-0.900962233543396,"z":0.17356419563293458,"w":-0.39082249999046328},"size":2.6949079036712648,"orthographic":false}