{"cameraMode":{"drawMode":0,"name":"Shaded","section":"Shading Mode"},"sceneLighting":false,"audioPlay":false,"sceneViewState":{"showFog":true,"showMaterialUpdate":false,"showSkybox":false,"showFlares":true,"showImageEffects":true,"showParticleSystems":true},"in2DMode":false,"pivot":{"x":210.17442321777345,"y":1.4656001329421998,"z":283.5299987792969},"rotation":{"x":0.29583853483200076,"y":-0.6682708859443665,"z":0.3316389322280884,"w":0.59661865234375},"size":2.6957473754882814,"orthographic":false}