{"cameraMode":{"drawMode":0,"name":"Shaded","section":"Shading Mode"},"sceneLighting":true,"audioPlay":false,"sceneViewState":{"showFog":true,"showMaterialUpdate":false,"showSkybox":true,"showFlares":true,"showImageEffects":true,"showParticleSystems":true},"in2DMode":false,"pivot":{"x":205.45074462890626,"y":70.34873962402344,"z":191.7586669921875},"rotation":{"x":-0.10405566543340683,"y":-0.5648414492607117,"z":0.07206744700670243,"w":-0.8154950737953186},"size":10.0,"orthographic":false}