{"cameraMode":{"drawMode":0,"name":"Shaded","section":"Shading Mode"},"sceneLighting":true,"audioPlay":false,"sceneViewState":{"showFog":true,"showMaterialUpdate":true,"showSkybox":true,"showFlares":true,"showImageEffects":true,"showParticleSystems":true},"in2DMode":false,"pivot":{"x":211.64688110351563,"y":-9.34427261352539,"z":248.13851928710938},"rotation":{"x":-0.02401859499514103,"y":-0.9722330570220947,"z":0.20682422816753388,"w":-0.1083042100071907},"size":17.32050895690918,"orthographic":false}