{"cameraMode":{"drawMode":0,"name":"Shaded","section":"Shading Mode"},"sceneLighting":false,"audioPlay":false,"sceneViewState":{"showFog":true,"showMaterialUpdate":false,"showSkybox":false,"showFlares":true,"showImageEffects":true,"showParticleSystems":true},"in2DMode":false,"pivot":{"x":-14.522202491760254,"y":-0.7158130407333374,"z":-41.68824005126953},"rotation":{"x":0.09278395026922226,"y":-0.8488574028015137,"z":0.15931463241577149,"w":0.49560439586639407},"size":1.1525154113769532,"orthographic":false}