{"cameraMode":{"drawMode":0,"name":"Shaded","section":"Shading Mode"},"sceneLighting":true,"audioPlay":false,"sceneViewState":{"showFog":true,"showMaterialUpdate":true,"showSkybox":true,"showFlares":true,"showImageEffects":true,"showParticleSystems":true},"in2DMode":false,"pivot":{"x":141.70169067382813,"y":-2.397319793701172,"z":208.19793701171876},"rotation":{"x":-0.10981465876102448,"y":-0.8434332609176636,"z":0.18751677870750428,"w":-0.4916694760322571},"size":53.314998626708987,"orthographic":false}