{"cameraMode":{"drawMode":0,"name":"Shaded","section":"Shading Mode"},"sceneLighting":true,"audioPlay":false,"sceneViewState":{"showFog":true,"showMaterialUpdate":true,"showSkybox":true,"showFlares":true,"showImageEffects":true,"showParticleSystems":true},"in2DMode":false,"pivot":{"x":345.4119873046875,"y":24.730316162109376,"z":213.69117736816407},"rotation":{"x":-0.08607673645019531,"y":0.4726050794124603,"z":0.04673081263899803,"w":0.8759158253669739},"size":20.786149978637697,"orthographic":false}