{"cameraMode":{"drawMode":0,"name":"Shaded","section":"Shading Mode"},"sceneLighting":true,"audioPlay":false,"sceneViewState":{"showFog":true,"showMaterialUpdate":true,"showSkybox":true,"showFlares":true,"showImageEffects":true,"showParticleSystems":true},"in2DMode":false,"pivot":{"x":173.56100463867188,"y":3.2608935832977297,"z":205.5812225341797},"rotation":{"x":0.020542306825518609,"y":0.7412853240966797,"z":0.02267703041434288,"w":-0.6705367565155029},"size":2.739020347595215,"orthographic":false}