{"cameraMode":{"drawMode":0,"name":"Shaded","section":"Shading Mode"},"sceneLighting":true,"audioPlay":false,"sceneViewState":{"showFog":true,"showMaterialUpdate":true,"showSkybox":true,"showFlares":true,"showImageEffects":true,"showParticleSystems":true},"in2DMode":false,"pivot":{"x":206.14544677734376,"y":-19.82925033569336,"z":175.72586059570313},"rotation":{"x":-0.1681532859802246,"y":0.7866535186767578,"z":-0.24621035158634187,"w":-0.5409002900123596},"size":42.05581283569336,"orthographic":false}