{"cameraMode":{"drawMode":0,"name":"Shaded","section":"Shading Mode"},"sceneLighting":false,"audioPlay":false,"sceneViewState":{"showFog":true,"showMaterialUpdate":false,"showSkybox":false,"showFlares":true,"showImageEffects":true,"showParticleSystems":true},"in2DMode":false,"pivot":{"x":-14.597685813903809,"y":-0.7707828283309937,"z":-37.674346923828128},"rotation":{"x":-0.17664340138435365,"y":-0.5258798599243164,"z":0.1123894676566124,"w":-0.8244930505752564},"size":1.230455994606018,"orthographic":false}