{"cameraMode":{"drawMode":0,"name":"Shaded","section":"Shading Mode"},"sceneLighting":true,"audioPlay":false,"sceneViewState":{"showFog":true,"showMaterialUpdate":false,"showSkybox":true,"showFlares":true,"showImageEffects":true,"showParticleSystems":true},"in2DMode":false,"pivot":{"x":222.74349975585938,"y":-26.872779846191408,"z":119.31085205078125},"rotation":{"x":0.04668581485748291,"y":-0.9304577112197876,"z":0.3401174247264862,"w":0.12859508395195008},"size":70.50125122070313,"orthographic":false}