{"cameraMode":{"drawMode":0,"name":"Shaded","section":"Shading Mode"},"sceneLighting":true,"audioPlay":false,"sceneViewState":{"showFog":true,"showMaterialUpdate":true,"showSkybox":true,"showFlares":true,"showImageEffects":true,"showParticleSystems":true},"in2DMode":false,"pivot":{"x":211.91880798339845,"y":0.0,"z":202.6907196044922},"rotation":{"x":0.26761749386787417,"y":0.7204160094261169,"z":-0.36524179577827456,"w":0.5256422162055969},"size":17.32050895690918,"orthographic":false}