{"cameraMode":{"drawMode":0,"name":"Shaded","section":"Shading Mode"},"sceneLighting":true,"audioPlay":false,"sceneViewState":{"showFog":true,"showMaterialUpdate":false,"showSkybox":true,"showFlares":true,"showImageEffects":true,"showParticleSystems":true},"in2DMode":false,"pivot":{"x":374.5685119628906,"y":15.586642265319825,"z":195.08326721191407},"rotation":{"x":0.04484746605157852,"y":0.6962752342224121,"z":-0.04334867373108864,"w":0.7151503562927246},"size":45.512420654296878,"orthographic":false}