{"cameraMode":{"drawMode":0,"name":"Shaded","section":"Shading Mode"},"sceneLighting":true,"audioPlay":false,"sceneViewState":{"showFog":true,"showMaterialUpdate":false,"showSkybox":true,"showFlares":true,"showImageEffects":true,"showParticleSystems":true},"in2DMode":false,"pivot":{"x":-21.210643768310548,"y":-16.33974838256836,"z":8.153871536254883},"rotation":{"x":0.0745331197977066,"y":-0.677860677242279,"z":0.06938924640417099,"w":0.7281084656715393},"size":38.26259994506836,"orthographic":false}